document_page,num_xlsx_links,xlsx_links
https://www.caiso.com/documents/historical-ems-hourly-load-for-january-2026.xlsx,0,[]
https://www.caiso.com/documents/historical-ems-hourly-load-for-december-2025.xlsx,0,[]
https://www.caiso.com/documents/historical-ems-hourly-load-for-november-2025.xlsx,0,[]
https://www.caiso.com/documents/historical-ems-hourly-load-for-october-2025.xlsx,0,[]
https://www.caiso.com/documents/historical-ems-hourly-load-for-september-2025.xlsx,0,[]
https://www.caiso.com/documents/historical-ems-hourly-load-for-august-2025.xlsx,0,[]
https://www.caiso.com/documents/historical-ems-hourly-load-for-july-2025.xlsx,0,[]
https://www.caiso.com/documents/historical-ems-hourly-load-for-june-2025.xlsx,0,[]
https://www.caiso.com/documents/historical-ems-hourly-load-for-may-2025.xlsx,0,[]
https://www.caiso.com/documents/historical-ems-hourly-load-for-april-2025.xlsx,0,[]
https://www.caiso.com/documents/historical-ems-hourly-load-for-march-2025.xlsx,0,[]
https://www.caiso.com/documents/historical-ems-hourly-load-for-february-2025.xlsx,0,[]
https://www.caiso.com/documents/historical-ems-hourly-load-for-january-2025.xlsx,0,[]
https://www.caiso.com/documents/historical-ems-hourly-load-for-december-2024.xlsx,0,[]
https://www.caiso.com/documents/historical-ems-hourly-load-for-november-2024.xlsx,0,[]
https://www.caiso.com/documents/historical-ems-hourly-load-for-october-2024.xlsx,0,[]
https://www.caiso.com/documents/historical-ems-hourly-load-for-september-2024.xlsx,0,[]
https://www.caiso.com/documents/historical-ems-hourly-load-for-august-2024.xlsx,0,[]
https://www.caiso.com/documents/historical-ems-hourly-load-for-july-2024.xlsx,0,[]
https://www.caiso.com/documents/historical-ems-hourly-load-for-june-2024.xlsx,0,[]
https://www.caiso.com/documents/historical-ems-hourly-load-for-may-2024.xlsx,0,[]
https://www.caiso.com/documents/historical-ems-hourly-load-for-april-2024.xlsx,0,[]
https://www.caiso.com/documents/historicalemshourlyloadforfebruary2024.xlsx,0,[]
https://www.caiso.com/documents/historicalemshourlyloadfor2023.xlsx,0,[]
https://www.caiso.com/documents/historicalemshourlyloadformarch2024.xlsx,0,[]
https://www.caiso.com/documents/historicalemshourlyloadforjanuary2024.xlsx,0,[]
https://www.caiso.com/documents/historicalemshourlyload-2022.xlsx,0,[]
https://www.caiso.com/documents/historicalemshourlyload-2021.xlsx,0,[]
https://www.caiso.com/documents/historicalemshourlyload-2020.xlsx,0,[]
https://www.caiso.com/documents/historicalemshourlyload-2019.xlsx,0,[]
